{
    "name": "改名插件-聚宇网络",
    "brief": "# 聚宇网络-用户付费改名功能<br>#1.1.2新增币种（经验）可在后台设置<br>#修复函数被禁导致网站奔溃等问题<br>#优化代码逻辑、修复BUG<br># 1.1.1自定义币种（金币或人民币）、自定义积分金额<br># 使用问题、交流：<a href='http://www.ajuyu.com'  target='_blank'><span style='color:red;'><b>www.ajuyu.com</b></span></a>",
    "version": "1.1.2",
    "bbs_version": "4.0.4",
    "installed": 0,
    "enable": 0,
    "hooks_rank": [],
    "dependencies": []
}