{
    "name": "图片轮播 - 定制菜单",
    "brief": "菜单插件其他用法探索：重新制作的图片轮播插件，功能不减，槽位更多，适合二次开发使用。<br>安装后请进入菜单设置，选择“轮播图1~5”进行设置。",
    "version": "1.0.0",
    "bbs_version": "4.0.4",
    "installed": 1,
    "enable": 1,
    "hooks_rank": [],
    "overwrites_rank": [],
    "dependencies": {
        "abs_menu": "1.0"
    },
    "made_by": "Tillreetree",
    "see_more_plugins": "https://xiunobbs.cn/user-thread-1109.htm"
}