{
    "name": "手势验证码",
    "brief": "vaptchar,基于人工智能和大数据的人机验证验证码,有效防灌水防机器发帖注册,并且后台可以查看验证数据报报告;有两种验证方式可选,可设置注册、登录、发帖、回帖这几种操作开启验证<br>2.0版本支持验证点自定义验证码类型",
    "version": "2.0",
    "bbs_version": "4.0",
    "installed": 0,
    "enable": 0,
    "hooks_rank": [],
    "overwrites_rank": [],
    "dependencies": []
}