{
    "name": "短代码（Shortcode）引擎",
    "brief": "移植Flatboard的BBCode处理引擎。内置一套BBCode短代码（Shortcode），极具可扩展性。作者：Tillreetree首发于Xiuno BBS开源程序交流论坛 https://xiunobbs.cn/ ；若不想要BBCode解析，请编辑BBCode.lib.php的63行。",
    "version": "1.0.0",
    "bbs_version": "4.0.4",
    "installed": 0,
    "enable": 0,
    "hooks_rank": [],
    "overwrites_rank": [],
    "dependencies": [],
    "DO NOT CHANGE COPYRIGHT": "OR YOU WILL BE DEAD"
}