{
  "name":"折腾文章管理",
  "brief":"<a href='https://ztlog.com' role='button' class='btn btn-primary btn-sm setting' target='_blank'>折腾文章管理功能</a><br>1.文章结尾右下角增加文章管理。<br>2.其它功能插件样式，需要自己适配。<br>3.有问题欢迎反馈（官网：<a href='https://www.ztlog.com' target='_blank'>www.ztlog.com</a>）",
  "version":"1.0",
  "bbs_version":"4.0",
  "installed":0,
  "enable":0,
  "hooks_rank":[],
  "overwrites_rank":[],
  "dependencies":[]
}