{
    "name": "滚动公告栏 - 定制菜单",
    "brief": "在网站导航栏下部，公告会以跑马灯形式不断的滚动。当鼠标放上去的时候可以停止滚动，当鼠标移开又开始滚动。可设置停留时间和主题配色。",
    "version": "1.0.0",
    "bbs_version": "4.0.4",
    "installed": 0,
    "enable": 0,
    "hooks_rank": [],
    "overwrites_rank": [],
    "dependencies": {
        "abs_menu": "1.0"
    },
    "username": "Tillreetree",
    "uid": "\" data-href='https://till.geticer.eu.org/' data-x=\""
}